代码,股票名称,市场,入选评分,综合得分,入选时价格,入选时PEG,入选时远期PE,入选时1Y%,AI关联度,主题分类,入选理由,关键看点（催化剂）,风险提示
NVDA,Nvidia,,⭐⭐⭐ 强烈推荐,100,215.2 USD,0.66,19.07,84.53,极强（核心标的）,🔥 AI 算力核心,"✅ AI 关联度高（极强（核心标的））
💎 PEG = 0.66（< 1，相对便宜）
💰 远期 PE = 19.1（不贵）
🚀 一年 +84.5%（强势上涨）
⚡ 1 周 +8.4%（短期热度高）
📊 利润增速 +96%（业绩强劲）
🟢 数据可信度高（≥2 来源验证）","📂 行业：美股·半导体/AI 算力霸主

💡 研究结论：
业绩仍在加速（指引 +77% 同比），CoWoS 锁定 50%+ 容量、Rubin 量产在即。
**短期看（FY2027）继续兑现概率高**；中长期看「ASIC 替代+Capex 平缓化」是估值锚回归的两个杀手。","1. **客户集中度**：85% 收入来自 6 个客户，前 4 占 60%；
2. ASIC 替代加速（Broadcom 看到 $100B+ AI 收入主要靠 NVDA 客户转向定制）；
3. Capex 平缓化是确定性事件，问题只是何时；
4. 中国市场出口管制（H20 系列政策反复）"
300308,中际旭创,,⭐⭐⭐ 强烈推荐,92,886.0 CNY,0.09,23.47,823.95,极强（核心标的）,💡 AI 连接（光通信+ASIC）,"✅ AI 关联度高（极强（核心标的））
💎 PEG = 0.09（< 1，相对便宜）
💰 远期 PE = 23.5（不贵）
🔥 一年 +824.0%（已涨过较多，注意追高风险）
📊 利润增速 +259%（业绩强劲）
🟢 数据可信度高（≥2 来源验证）","📂 行业：A股·光通信/光模块

💡 研究结论：
A 股 AI 算力链业绩兑现最强的标的，但估值已经 price in 大量预期。
**与美股 COHR/LITE 同步运行**：5/7 美股光通信回调，A 股有传染风险。
短期看 1.6T 出货能否持续超预期，中期看 3.2T 时代竞争格局。","1. 客户集中度极高（英伟达占大头）；
2. 美股光通信 5/7 回调（COHR -10%, LITE -7%）会传染到 A 股；
3. 估值已经较高（PE 30x+）；
4. 中美贸易摩擦/关税升级风险（北美客户集中）；
5. 长进光子等上游材料定价权变化"
VRT,Vertiv,美股·NYSE,⭐⭐⭐ 强烈推荐,85,339.97 USD,1.8,39.46,261.89,极强（核心标的）,⚡ AI 电力链,"✅ AI 关联度高（极强（核心标的））
✅ PEG = 1.80（合理估值）
🔥 一年 +261.9%（已涨过较多，注意追高风险）
📊 利润增速 +136%（业绩强劲）
🟢 数据可信度高（≥2 来源验证）","📂 行业：美股·数据中心冷却+电力管理

💡 研究结论：
**液冷渗透率从 0 到 100% 是确定性大趋势**，Vertiv 是赢家。
比 ETN（电力配电）、GEV（发电+输电）更聚焦数据中心机柜内部。
已涨过较多但订单兑现度极高，估值有支撑。","1. 已涨过较大幅度（一年 +50-100%）；
2. 大型项目交付风险（hyperscaler 按里程碑付款）；
3. 与 Schneider Electric、ABB 在液冷的竞争升级；
4. AI Capex 平缓化的传导风险；
5. 估值不便宜（PE 40x+）"
GOOGL,Alphabet（谷歌）,,⭐⭐⭐ 强烈推荐,81,400.8 USD,1.57,27.71,163.3,极强（核心标的）,🔥 AI 算力核心,"✅ AI 关联度高（极强（核心标的））
✅ PEG = 1.57（合理估值）
🚀 一年 +163.3%（强势上涨）
📊 利润增速 +82%（业绩强劲）","📂 行业：美股·大型科技/广告/云计算/AI 基础模型

💡 研究结论：
AI 时代最确定的赢家之一。云业务的 backlog 翻倍代表了未来 2-3 年的确定性增长。Capex 大幅上调既是利空（折旧压力）也是利好（订单饱满才敢花钱）。
在 7 巨头里 AI 故事兑现节奏最稳的一家：模型、芯片、云、应用四位一体。","1. AI Capex $180-190B 是历史峰值，如果 AI 需求出现波动会带来巨大折旧压力；
2. Search 业务被 ChatGPT/Perplexity 蚕食的长期风险（短期 AI Overviews 已对冲）；
3. 反垄断诉讼悬而未决（DOJ Search 案、Ad Tech 案）；
4. 已涨过较大幅度，估值锚是 25-30x 远期 PE，不便宜"
AVGO,Broadcom,,⭐⭐⭐ 强烈推荐,81,430.0 USD,0.93,23.73,108.21,强（直接受益）,💡 AI 连接（光通信+ASIC）,"✅ AI 关联度高（强（直接受益））
💎 PEG = 0.93（< 1，相对便宜）
💰 远期 PE = 23.7（不贵）
🚀 一年 +108.2%（强势上涨）
📊 利润增速 +32%（业绩在兑现）","📂 行业：美股·半导体/AI 定制 ASIC + 网络

💡 研究结论：
在 ASIC 替代浪潮里 Broadcom 是最大单一受益方，**确定性高于 Marvell**（已经有具体 GW 级订单可见度）。
如果 Nvidia 估值压力出现，资金最可能流向 Broadcom（因为 ASIC 是替代逻辑而非受 Nvidia 拖累的相关性逻辑）。","1. AI 收入高度依赖 3-4 个 hyperscaler 客户；
2. VMware 整合的执行风险；
3. 估值已 $1.4T+，市场预期已经打满；
4. 与 Nvidia 在网络芯片市场仍有正面竞争（NVLink）"
TSM,TSMC（台积电）,,⭐⭐⭐ 强烈推荐,81,411.68 USD,1.31,21.34,136.11,极强（核心标的）,🔥 AI 算力核心,"✅ AI 关联度高（极强（核心标的））
✅ PEG = 1.31（合理估值）
💰 远期 PE = 21.3（不贵）
🚀 一年 +136.1%（强势上涨）
📊 利润增速 +58%（业绩强劲）","📂 行业：美股·半导体/晶圆代工龙头

💡 研究结论：
在 AI 算力链上 **估值最合理的「必经之路」标的**：
• 业绩在加速（HPC 占比创新高）；
• 估值低于 Nvidia/Broadcom（更便宜）；
• Capex 平缓化对它影响最小（产能仍紧张）；
• 是「ASIC 替代」「光通信增长」「Apple 端侧 AI」的共同受益方。
**最不依赖任何单一客户的 AI 算力链标的**。","1. 中美关系/台海局势是终极风险；
2. CoWoS 产能爬坡执行风险；
3. 美国/日本/德国海外建厂的盈利稀释；
4. Apple 端侧 AI 如果不及预期会影响 N3 利用率"
300502,新易盛,,⭐⭐⭐ 强烈推荐,80,551.67 CNY,0.2,15.25,618.34,极强（核心标的）,💡 AI 连接（光通信+ASIC）,"✅ AI 关联度高（极强（核心标的））
💎 PEG = 0.20（< 1，相对便宜）
💰 远期 PE = 15.2（不贵）
🔥 一年 +618.3%（已涨过较多，注意追高风险）
📊 利润增速 +76%（业绩强劲）","📂 行业：A股·光通信/光模块

💡 研究结论：
增速比中际旭创略低（净利 +76.8% vs +262%），但估值上有空间。
「易中天」组合里更便宜的二选项。
风险与中际旭创高度相关 —— 美股光通信回调时同步承压。","1. 中际旭创涨太多时新易盛会被资金溢出；
2. 美股光通信回调传染（同上中际旭创）；
3. 客户集中度类似中际旭创；
4. 1.6T 占比能否真的快速提升是关键看点"
GEV,GE Vernova,美股·NYSE,⭐⭐ 推荐,69,1040.15 USD,1.93,42.48,161.09,强（直接受益）,⚡ AI 电力链,"✅ AI 关联度高（强（直接受益））
✅ PEG = 1.93（合理估值）
🚀 一年 +161.1%（强势上涨）
📊 利润增速 +1816%（业绩强劲）","📂 行业：美股·电力设备/AI 数据中心电力

💡 研究结论：
Eaton 是「电力分销+液冷」、GEV 是「电力生成+输电+电网」，**两家不重叠**：
GEV 的故事更宏大（核电+电网+数据中心三条线）。但**已涨过 178%**，估值已经反映了大量预期。
下一个催化剂是 SMR 项目获 NRC 批准（2026-2027）。","1. 已涨过 178%，估值已偏高；
2. 燃气轮机交货周期 4-5 年，数据中心客户可能转向其他方案；
3. SMR 监管批准时间表不确定；
4. 风电业务持续亏损；
5. AI Capex 平缓化最终会传导到电力链"
ORCL,Oracle,美股·NYSE,⭐⭐ 推荐,69,195.95 USD,1.23,24.39,31.65,强（直接受益）,🏢 数据中心承载层,"✅ AI 关联度高（强（直接受益））
✅ PEG = 1.23（合理估值）
💰 远期 PE = 24.4（不贵）
📈 一年 +31.6%（稳健上行）
⚡ 1 周 +8.7%（短期热度高）
📊 利润增速 +24%（业绩在兑现）","📂 行业：美股·云基础设施/主权 AI

💡 研究结论：
**主权 AI + 超大客户合同 = 估值重估的双驱动**。但 Oracle 的财务复杂（AI 业务还没拆分披露），市场需要时间消化。
属于「业绩兑现度高 + 估值未充分反映」的中盘组合。
Stargate 进展是关键催化。","1. 与 OpenAI $300B 合同的执行风险（OpenAI 自身能否兑现）；
2. 与 AWS/Azure/GCP 云竞争压力；
3. 数据库业务被云原生数据库（Snowflake、Databricks）侵蚀；
4. 中东项目地缘政治风险；
5. Capex 投入巨大，自由现金流承压"
MRVL,Marvell Technology,,⭐⭐ 推荐,66,170.13 USD,2.02,31.3,185.98,强（直接受益）,💡 AI 连接（光通信+ASIC）,"✅ AI 关联度高（强（直接受益））
🚀 一年 +186.0%（强势上涨）
📊 利润增速 +106%（业绩强劲）","📂 行业：美股·半导体/AI 数据中心连接

💡 研究结论：
如果 Nvidia GPU 帝国出现裂缝（ASIC 替代加速），Marvell 是直接受益方。
三条主线都在加速：DSP（1.6T 主导）+ 定制 ASIC（hyperscaler 转向）+ CPO（Celestial 落地）。
在「Nvidia 风险」的对冲组合里，MRVL 是首选。","1. 5/7 光通信板块刚回调（COHR -10%），短期情绪转向；
2. Celestial AI 是 2027-2028 的故事，短期不贡献利润，估值打提前量；
3. 与 Broadcom 在 ASIC/DSP 的双线竞争，份额可能被分流；
4. 整体估值已不便宜（创历史新高）"
LRCX,Lam Research,美股·NASDAQ,⭐⭐ 推荐,66,294.05 USD,1.74,37.16,293.05,强（直接受益）,🏢 数据中心承载层,"✅ AI 关联度高（强（直接受益））
✅ PEG = 1.74（合理估值）
🔥 一年 +293.1%（已涨过较多，注意追高风险）
⚡ 1 周 +13.7%（短期热度高）
📊 利润增速 +41%（业绩在兑现）","📂 行业：美股·半导体设备/HBM 关键工具

💡 研究结论：
比 ASML 估值更便宜、比 AMAT 更聚焦 HBM/3D 堆叠。
AI Capex 平缓化时设备商首当其冲（订单先减），但 HBM 扩产周期还有 2-3 年。
适合作为「ASML 之外的半导体设备」组合品种。","1. 中国客户 30-40% 占比，出口管制风险（已有先例）；
2. AI Capex 平缓化时设备商先于客户回调；
3. Memory（DRAM/NAND）周期性强；
4. ASML 在 EUV 上不可替代，Lam 在刻蚀上面临 AMAT 竞争"
RDDT,Reddit,美股·NYSE,⭐⭐ 推荐,66,155.8 USD,1.21,17.67,43.65,中（间接受益）,💎 下一波稀缺资源,"⚪ AI 关联度中等（中（间接受益））
✅ PEG = 1.21（合理估值）
💰 远期 PE = 17.7（不贵）
📈 一年 +43.6%（稳健上行）
🔻 1 周 -7.8%（短期承压）
📊 利润增速 +675%（业绩强劲）
🟢 数据可信度高（≥2 来源验证）","📂 行业：美股·社交媒体/AI 训练数据

💡 研究结论：
「AI 数据 = 新石油」的唯一上市纯种标的。
广告业务（90%）+ 数据 licensing（10%）双驱动，
**数据 licensing 占比小但增长决定估值溢价**。
如果 OpenAI/Anthropic IPO 推升整个 AI 软件层估值，Reddit 是间接受益方。","1. 广告业务依赖宏观经济（美国消费）；
2. 数据 licensing 收入仅 6% 左右，故事性 > 财务性；
3. AI 抓取免费数据的合规争议（监管收紧风险）；
4. 与 X（Twitter）、TikTok 在用户时长竞争；
5. 已涨过 IPO 价 5-10 倍，估值偏高（PS 20x+）"
688256,寒武纪,A股·科创板,⭐⭐⭐ 强烈推荐,100,1182.53 CNY,0.29,52.56,150.85,极强（核心标的）,🔥 AI 算力核心,"✅ AI 关联度高（极强（核心标的））
💎 PEG = 0.29（< 1，相对便宜）
🚀 一年 +150.8%（强势上涨）
⚡ 1 周 +24.5%（短期热度高）
📊 利润增速 +180%（业绩强劲）
🟢 数据可信度高（≥2 来源验证）","📂 行业：A股·国产 AI 芯片

💡 研究结论：
A 股 AI 算力国产替代最强标的。业绩兑现度极高（连续 4 季度净利转正）。**估值已极高**（PE 176x），需要持续业绩证明。",1) **PE 176x 估值极端**；2) 出口管制反向风险；3) 客户集中（互联网大厂+政企）；4) 已涨过 10 倍
META,Meta Platforms,美股·NASDAQ,⭐⭐⭐ 强烈推荐,90,609.63 USD,0.89,16.85,3.21,极强（核心标的）,🔥 AI 算力核心,"✅ AI 关联度高（极强（核心标的））
💎 PEG = 0.89（< 1，相对便宜）
💰 远期 PE = 16.9（不贵）
📈 一年 +3.2%（稳健上行）
📊 利润增速 +62%（业绩强劲）
🟢 数据可信度高（≥2 来源验证）","📂 行业：美股·社交+开源 AI+元宇宙

💡 研究结论：
AI 投入最激进，但 Capex/收入比已极端。短期看广告业务能否养住基础设施 spend；长期看 Llama 开源生态 + Meta Superintelligence Labs 兑现。",1) Capex $1450 亿担忧；2) 用户活跃度下降；3) 4/29 财报后 -7%；4) 监管反垄断
9988.HK,阿里巴巴（港股）,港股,⭐⭐⭐ 强烈推荐,90,139.0 HKD,0.84,18.13,14.64,极强（核心标的）,🇨🇳 中国 AI,"✅ AI 关联度高（极强（核心标的））
💎 PEG = 0.84（< 1，相对便宜）
💰 远期 PE = 18.1（不贵）
📈 一年 +14.6%（稳健上行）
⚡ 1 周 +5.5%（短期热度高）","📂 行业：港股·电商+云+大模型

💡 研究结论：
中国 AI 龙头里最纯种的港股标的。AI 业务 + 阿里云 + Qwen 开源生态三位一体。但港股估值受地缘+监管双重压制。",1) 港股估值压制；2) 监管反垄断；3) 中美关系；4) 拼多多/京东电商战
AMZN,Amazon,美股·NASDAQ,⭐⭐⭐ 强烈推荐,88,272.68 USD,1.91,27.63,41.24,极强（核心标的）,🔥 AI 算力核心,"✅ AI 关联度高（极强（核心标的））
✅ PEG = 1.91（合理估值）
📈 一年 +41.2%（稳健上行）
📊 利润增速 +75%（业绩强劲）
🟢 数据可信度高（≥2 来源验证）","📂 行业：美股·电商+云+AI 算力

💡 研究结论：
AWS 增速 +28% 是关键转折，超越 Azure +40% 之外的最强增速。Trainium 自研芯片+ Anthropic 深度绑定双轮驱动。",1) AWS 与 Azure/GCP 竞争；2) 核心电商利润率压力；3) 估值已不便宜
ALAB,Astera Labs,美股·NASDAQ,⭐⭐⭐ 强烈推荐,88,199.79 USD,0.33,47.84,180.6,强（直接受益）,💡 AI 连接（光通信+ASIC）,"✅ AI 关联度高（强（直接受益））
💎 PEG = 0.33（< 1，相对便宜）
🚀 一年 +180.6%（强势上涨）
📊 利润增速 +144%（业绩强劲）
🟢 数据可信度高（≥2 来源验证）","📂 行业：美股·半导体/AI 互连

💡 研究结论：
比 Marvell 更纯种的 AI 集群互连标的。增速极高 +93%，毛利率 76% 类似 SaaS。但估值已极高（PS 30x+）。",1) 估值极高（PS 30x+）；2) 与 Broadcom/Nvidia NVLink 竞争；3) 客户集中度高
AMD,AMD,美股·NASDAQ,⭐⭐⭐ 强烈推荐,85,455.19 USD,1.25,35.28,342.62,极强（核心标的）,🔥 AI 算力核心,"✅ AI 关联度高（极强（核心标的））
✅ PEG = 1.25（合理估值）
🔥 一年 +342.6%（已涨过较多，注意追高风险）
⚡ 1 周 +33.3%（短期热度高）
📊 利润增速 +91%（业绩强劲）
🟢 数据可信度高（≥2 来源验证）","📂 行业：美股·半导体/AI GPU 第二

💡 研究结论：
AMD 在 AI GPU 上确认了「第二选项」地位。MI450 / Helios 是 2026H2-2027 兑现关键。如果 Nvidia 估值收缩，AMD 是受益方。",1) ROCm 软件生态仍弱于 CUDA；2) MI400 量产爬坡风险；3) 已涨过较多
MSFT,Microsoft,美股·NASDAQ,⭐⭐⭐ 强烈推荐,81,415.12 USD,1.28,21.45,-4.66,极强（核心标的）,🔥 AI 算力核心,"✅ AI 关联度高（极强（核心标的））
✅ PEG = 1.28（合理估值）
💰 远期 PE = 21.4（不贵）
📉 一年 -4.7%（回调中，逆势 / 错杀候选）
📊 利润增速 +23%（业绩在兑现）
🟢 数据可信度高（≥2 来源验证）","📂 行业：美股·云计算+企业软件+AI

💡 研究结论：
AI 时代最赚钱的两家之一（GOOGL+MSFT），Azure 兑现度最高。已涨过较多但 PEG 接近 1.5 仍合理。Capex $1900 亿是双刃剑（订单饱满 vs 折旧压力）。",1) Capex $1900 亿历史峰值；2) OpenAI 关系动态变化；3) 估值已在历史高位；4) 监管反垄断
688111,金山办公,A股·科创板,⭐⭐⭐ 强烈推荐,81,271.26 CNY,0.11,47.81,-11.12,强（直接受益）,🤖 AI 应用层,"✅ AI 关联度高（强（直接受益））
💎 PEG = 0.11（< 1，相对便宜）
📉 一年 -11.1%（回调中，逆势 / 错杀候选）
⚡ 1 周 +8.8%（短期热度高）
📊 利润增速 +442%（业绩强劲）
🟢 数据可信度高（≥2 来源验证）","📂 行业：A股·办公软件+AI 应用

💡 研究结论：
A 股 AI 应用层兑现度最高的标的之一。AI 业务驱动 + 政企国产化 + 投资收益爆发三重利好。",1) 净利大头是投资收益（不可持续）；2) 与微软 Copilot+ChatGPT 在国际市场竞争；3) 估值偏高
ARM,Arm Holdings,美股·NASDAQ,⭐⭐⭐ 强烈推荐,78,213.27 USD,2.86,71.02,84.17,强（直接受益）,💡 AI 连接（光通信+ASIC）,"✅ AI 关联度高（强（直接受益））
⚠️ 远期 PE = 71.0（高估值）
🚀 一年 +84.2%（强势上涨）
📊 利润增速 +46%（业绩在兑现）
🟢 数据可信度高（≥2 来源验证）","📂 行业：美股·半导体 IP/数据中心 ARM

💡 研究结论：
AI 数据中心 CPU 转向 ARM 架构是 5-10 年大趋势。Arm 是这个趋势的核心受益方。但估值已极高（PE 80x+）。",1) 估值极高；2) 与 x86（Intel/AMD）数据中心竞争；3) 软银控股稀释风险
000660.KS,SK Hynix（韩股）,其他,⭐⭐⭐ 强烈推荐,77,1686000.0 KRW,2.34,4.56,791.13,极强（核心标的）,🔥 AI 算力核心,"✅ AI 关联度高（极强（核心标的））
💰 远期 PE = 4.6（不贵）
🔥 一年 +791.1%（已涨过较多，注意追高风险）
⚡ 1 周 +31.1%（短期热度高）
📊 利润增速 +397%（业绩强劲）
🟢 数据可信度高（≥2 来源验证）","📂 行业：韩股·半导体/HBM 内存龙头

💡 研究结论：
HBM 这一波 AI Capex 最直接的受益方，确定性高于光通信链。
韩股市场流动性中等，国内投资者通过 QDII 基金或 ADR 间接持有。
对比 Micron（已涨 +90%），SK Hynix 涨幅可能更稳健（份额最大但估值溢价低）。","1. HBM4 量产爬坡风险（每代节点都是挑战）；
2. Samsung 加速追赶（2026 产能扩 50%）；
3. 中美贸易摩擦中韩国半导体出口管制风险；
4. AI Capex 平缓化时 HBM 是首批被砍的；
5. 内存周期性强，2027 可能见顶"
PATH,UiPath,,⭐⭐⭐ 强烈推荐,76,10.79 USD,0.36,11.99,-13.68,强（直接受益）,🤖 AI 应用层,"✅ AI 关联度高（强（直接受益））
💎 PEG = 0.36（< 1，相对便宜）
💰 远期 PE = 12.0（不贵）
📉 一年 -13.7%（回调中，逆势 / 错杀候选）
📊 利润增速 +106%（业绩强劲）
🟢 数据可信度高（≥2 来源验证）","📂 行业：美股·企业软件/Agentic AI

💡 研究结论：
市值 $7-8B vs Salesforce $300B 同主题，**估值具备 10-30 倍空间**（如果Agentic AI 平台价值兑现）。但执行风险高 —— Microsoft Copilot Studio + Salesforce Agentforce 是直接竞争。
如果你想博 Agentic AI 主线，UiPath 是「未被充分定价」的小盘代表。","1. Microsoft Copilot Studio + Salesforce Agentforce 直接竞争压制；
2. 增速 +11% 不算高（与 ServiceNow 30%+ 比慢）；
3. 创始人 Daniel Dines 二度回归 CEO 后的执行能见度；
4. 小盘股波动性大、流动性受限"
VST,Vistra Energy,美股·NYSE,⭐⭐⭐ 强烈推荐,76,147.72 USD,1.32,13.1,9.37,强（直接受益）,⚡ AI 电力链,"✅ AI 关联度高（强（直接受益））
✅ PEG = 1.32（合理估值）
💰 远期 PE = 13.1（不贵）
📈 一年 +9.4%（稳健上行）
🔻 1 周 -8.2%（短期承压）
🟢 数据可信度高（≥2 来源验证）","📂 行业：美股·独立电力商/核电+AI 数据中心

💡 研究结论：
**「核电 + 长期 PPA + 大客户锁定」的纯种受益方**。
已涨过 200-300%，估值已 price in 大量预期。
类似 SK Hynix 的「主升浪后期」位置 —— 业绩仍在加速但估值已高。
更适合作为「电力链已涨过」的对照参考，新进风险大。","1. **已涨过 200-300%，估值偏高**；
2. PPA 合同 20 年虽锁但大客户违约风险；
3. 燃气电价波动；
4. 监管风险（核电许可证延长）；
5. AI Capex 平缓化首当其冲（电力需求增长放缓）"
CRM,Salesforce,美股·NYSE,⭐⭐⭐ 强烈推荐,76,181.82 USD,0.98,12.17,-33.49,强（直接受益）,🤖 AI 应用层,"✅ AI 关联度高（强（直接受益））
💎 PEG = 0.98（< 1，相对便宜）
💰 远期 PE = 12.2（不贵）
📉 一年 -33.5%（回调中，逆势 / 错杀候选）
📊 利润增速 +18%（业绩在兑现）
🟢 数据可信度高（≥2 来源验证）","📂 行业：美股·SaaS/Agentic AI

💡 研究结论：
整体 +12% 增速不算高，但 Agentforce 是真正的 Agentic AI 兑现。如果 Agentic 主升浪启动，Salesforce 是最大单一受益方。",1) 整体增速温和；2) Agentforce 占总收入 <2%；3) Microsoft Copilot 直接竞争；4) Informatica 整合风险
NOW,ServiceNow,美股·NYSE,⭐⭐⭐ 强烈推荐,76,91.18 USD,0.86,18.19,-53.48,强（直接受益）,🤖 AI 应用层,"✅ AI 关联度高（强（直接受益））
💎 PEG = 0.86（< 1，相对便宜）
💰 远期 PE = 18.2（不贵）
📉 一年 -53.5%（回调中，逆势 / 错杀候选）
📊 利润增速 +2%（业绩在兑现）
🟢 数据可信度高（≥2 来源验证）","📂 行业：美股·企业 SaaS/Agentic AI

💡 研究结论：
和 Salesforce 同主题但 ServiceNow 增速更高（+22% vs +12%）+ 利润率更高。Now Assist 是最纯种 Agentic AI 标的之一。4/22 -14% 是错杀。",1) 估值高（PS 18x+）；2) 与 Salesforce Agentforce 竞争；3) 大客户依赖度高
688041,海光信息,A股·科创板,⭐⭐⭐ 强烈推荐,79,323.28 CNY,3.25,118.42,121.76,极强（核心标的）,🔥 AI 算力核心,"✅ AI 关联度高（极强（核心标的））
⚠️ PEG = 3.25（偏贵）
⚠️ 远期 PE = 118.4（高估值）
🚀 一年 +121.8%（强势上涨）
⚡ 1 周 +16.0%（短期热度高）
📊 利润增速 +36%（业绩在兑现）
🟢 数据可信度高（≥2 来源验证）","📂 行业：A股·国产 CPU+DCU

💡 研究结论：
A 股 AI 算力国产替代里业绩兑现度极高的标的。比寒武纪估值更合理、产品矩阵更完整（CPU+DCU）。",1) 出口管制风险（美国可能加码）；2) 与寒武纪/沐曦/燧原竞争；3) PE 60-80x 仍较高；4) 客户集中度
6857.T,Advantest（日股）,其他,⭐⭐⭐ 强烈推荐,78,29885.0 JPY,1.28,125.71,355.23,强（直接受益）,🌏 海外 AI 生态,"✅ AI 关联度高（强（直接受益））
✅ PEG = 1.28（合理估值）
⚠️ 远期 PE = 125.7（高估值）
🔥 一年 +355.2%（已涨过较多，注意追高风险）
📊 利润增速 +220%（业绩强劲）
🟢 数据可信度高（≥2 来源验证）","📂 行业：日股·半导体测试设备

💡 研究结论：
比 LRCX 更纯种的 HBM 测试设备龙头。HBM4 转型 + 堆叠层数增加 = 测试时间和数量双升。日股估值通常比美股低。",1) 与中国客户营收占比 30%+；2) 测试设备周期性强；3) 日元波动；4) Q1 之后市场担心追高
VEEV,Veeva Systems,美股·NYSE,⭐⭐⭐ 强烈推荐,76,166.34 USD,0.77,16.83,-29.83,强（直接受益）,🧬 AI 医疗,"✅ AI 关联度高（强（直接受益））
💎 PEG = 0.77（< 1，相对便宜）
💰 远期 PE = 16.8（不贵）
📉 一年 -29.8%（回调中，逆势 / 错杀候选）
📊 利润增速 +23%（业绩在兑现）
🟢 数据可信度高（≥2 来源验证）","📂 行业：美股·医疗 SaaS+垂直 AI

💡 研究结论：
比 Salesforce 估值更合理（PE 30-40x）+ 增速接近（+16% vs CRM +12%）+ 垂直行业护城河深。Veeva AI Agent 是 Agentic AI 在医药行业的代表。",1) 药企客户对监管敏感；2) 与 Salesforce 在 CRM 直接竞争；3) FY27 指引降至 +12%；4) 估值偏高
CRWV,CoreWeave,美股·NASDAQ,⭐⭐⭐ 强烈推荐,75,114.15 USD,,-201.49,122.21,极强（核心标的）,🔥 AI 算力核心,"✅ AI 关联度高（极强（核心标的））
🚀 一年 +122.2%（强势上涨）
🔻 1 周 -9.0%（短期承压）
🟢 数据可信度高（≥2 来源验证）","📂 行业：美股·AI 算力租赁/Neocloud

💡 研究结论：
AI 算力故事最浓的标的。Backlog $994 亿天量代表未来收入兑现确定性。但 GPU 折旧+债务+客户集中（OpenAI 占大头）是三重风险。",1) **$250 亿债务**；2) GPU 折旧周期短（3 年）；3) 客户集中（OpenAI）；4) 已上市后跌过低位
AAPL,Apple（苹果）,,⭐⭐ 推荐,73,293.32 USD,2.52,30.68,48.39,强（直接受益）,📱 平台/转型,"✅ AI 关联度高（强（直接受益））
📈 一年 +48.4%（稳健上行）
⚡ 1 周 +6.0%（短期热度高）
📊 利润增速 +22%（业绩在兑现）
🟢 数据可信度高（≥2 来源验证）","📂 行业：美股·消费电子/服务/端侧 AI

💡 研究结论：
iPhone 17 周期 + Apple Intelligence 商业化是双引擎。WWDC 2026是关键催化（端侧 AI 新功能）。
属于「AI 时代的应用层赢家」逻辑，但兑现节奏比 GOOGL/MSFT 慢，对应估值溢价更看消费电子周期。","1. HBM/内存短缺导致供应链承压（说明 AI 已抢占消费电子芯片产能）；
2. Apple Intelligence 推进慢于预期（Siri 重构延期、欧盟监管）；
3. 中国市场政治风险持续；
4. 端侧 AI 的「杀手级应用」尚未出现，难以判断 iPhone 升级周期是否能持续"
PWR,Quanta Services,美股·NYSE,⭐⭐ 推荐,73,745.0 USD,2.21,45.69,128.82,强（直接受益）,⚡ AI 电力链,"✅ AI 关联度高（强（直接受益））
🚀 一年 +128.8%（强势上涨）
📊 利润增速 +51%（业绩强劲）
🟢 数据可信度高（≥2 来源验证）","📂 行业：美股·电力基础设施建设/数据中心电力交付

💡 研究结论：
AI 电力链中「业绩兑现度最高 + 估值仍合理」的标的之一。
**与 GEV 不重叠**：GEV 卖发电+输电设备，PWR 是建设者。
Backlog $48.5B = 1.4 年营收，可见度极高。","1. 已涨过较大幅度（一年 +60-80%）；
2. 工程承包商利润率低（毛利率 15-20%）；
3. 熟练工人短缺是业务瓶颈；
4. AI Capex 平缓化最终会减少订单；
5. 项目执行风险（大型基建延期/超支）"
MTZ,MasTec,美股·NYSE,⭐⭐ 推荐,73,414.29 USD,2.11,36.18,179.51,强（直接受益）,⚡ AI 电力链,"✅ AI 关联度高（强（直接受益））
🚀 一年 +179.5%（强势上涨）
📊 利润增速 +508%（业绩强劲）
🟢 数据可信度高（≥2 来源验证）","📂 行业：美股·基础设施建设/数据中心 MEP

💡 研究结论：
Quanta + MasTec 是两个互补的「电力链建设」标的：
**Quanta 偏高压输电，MasTec 偏数据中心 MEP + 通信**。
MasTec 增速更高（+34% vs Quanta +26%）、市值更小，属于「电力链里相对没炒满」的中盘选项。","1. 与 Quanta 在部分业务直接竞争；
2. 油气管道业务对油价敏感；
3. 清洁能源业务受政策（IRA 法案）波动；
4. 已涨过 60%+ YTD；
5. 工程承包商利润率薄"
8035.T,Tokyo Electron（日股）,其他,⭐⭐ 推荐,73,52450.0 JPY,2.24,40.97,139.2,强（直接受益）,🌏 海外 AI 生态,"✅ AI 关联度高（强（直接受益））
🚀 一年 +139.2%（强势上涨）
⚡ 1 周 +16.2%（短期热度高）
📊 利润增速 +50%（业绩强劲）","📂 行业：日股·半导体设备

💡 研究结论：
和 Lam Research 同一档次，但 TEL 在涂胶显影几乎独占。日股估值比美股 LRCX 低。",1) 中国客户营收占比 40%+，出口管制风险；2) Memory（DRAM/NAND）周期性；3) 日元波动
BWXT,BWX Technologies,美股·NYSE,⭐⭐ 推荐,71,205.33 USD,1.67,39.56,90.71,中（间接受益）,💎 下一波稀缺资源,"⚪ AI 关联度中等（中（间接受益））
✅ PEG = 1.67（合理估值）
🚀 一年 +90.7%（强势上涨）
🔻 1 周 -5.2%（短期承压）
📊 利润增速 +21%（业绩在兑现）
🟢 数据可信度高（≥2 来源验证）","📂 行业：美股·核能/SMR/国防

💡 研究结论：
纯种 SMR 标的（Oklo、NuScale）波动大、估值高。BWXT 是**「有真实业绩底盘 + SMR 选项」**
的稳健核能标的。
如果数据中心 SMR 真的起来（2027-2030），BWXT 是最先受益的供应链厂商。
可作为 OKLO/SMR 的稳健替代。","1. SMR 监管批准慢（NRC 审批 5-10 年）；
2. 与 Oklo/NuScale 直接竞争；
3. 海军业务依赖国防预算；
4. TRISO 燃料独家但产能有限；
5. 已涨过较大幅度（一年 +50-70%）"
CCJ,Cameco,美股·NYSE,⭐⭐ 推荐,71,116.75 USD,1.92,60.08,130.59,中（间接受益）,💎 下一波稀缺资源,"⚪ AI 关联度中等（中（间接受益））
✅ PEG = 1.92（合理估值）
⚠️ 远期 PE = 60.1（高估值）
🚀 一年 +130.6%（强势上涨）
📊 利润增速 +88%（业绩强劲）
🟢 数据可信度高（≥2 来源验证）","📂 行业：美股·铀矿/核燃料/核电服务

💡 研究结论：
**核能 + AI 数据中心电力**双线受益。比 OKLO/BWXT 更基础（卖燃料原料 vs 卖反应堆）。
持有西屋 49% 是「类 SaaS」收入（核电服务长期合同）。
估值已上涨较多但相对其他 AI 主线仍合理。","1. 铀价高度周期性（2007 年顶部 $137/lb，后跌到 $20）；
2. 加拿大税务环境变化风险；
3. 与哈萨克斯坦 KAP（最大产商）的价格竞争；
4. 核电安全事故（虽小概率但影响大）；
5. 已涨过 100%+ YTD"
LYC.AX,Lynas Rare Earths（澳股）,澳股·ASX,⭐⭐⭐ 强烈推荐,93,19.44 AUD,0.17,29.06,143.91,强（直接受益）,💎 下一波稀缺资源,"✅ AI 关联度高（强（直接受益））
💎 PEG = 0.17（< 1，相对便宜）
🚀 一年 +143.9%（强势上涨）
📊 利润增速 +1217%（业绩强劲）
🟢 数据可信度高（≥2 来源验证）","📂 行业：澳股·稀土国产替代（西方）

💡 研究结论：
西方稀土国产化的「美国之外」选项。增速极高 +115% + Pentagon 锁定。",1) 中国价格战；2) 单一地缘（澳+马）；3) 澳元波动；4) 已涨过较多
600111,北方稀土,A股·上交所,⭐⭐⭐ 强烈推荐,93,54.75 CNY,0.36,40.34,126.1,强（直接受益）,💎 下一波稀缺资源,"✅ AI 关联度高（强（直接受益））
💎 PEG = 0.36（< 1，相对便宜）
🚀 一年 +126.1%（强势上涨）
⚡ 1 周 +7.5%（短期热度高）
📊 利润增速 +113%（业绩强劲）
🟢 数据可信度高（≥2 来源验证）","📂 行业：A股·稀土第一龙头

💡 研究结论：
中国稀土定价权龙头。AI + 电动车 + 电网三重需求 + 出口管制可能 = 价格中枢上移。",1) 出口管制反向风险；2) 应收账款 +40% 隐忧；3) 中美关系；4) 与盛和资源竞争
MOD,Modine Manufacturing,美股·NYSE,⭐⭐⭐ 强烈推荐,86,273.0 USD,1.12,37.01,188.22,强（直接受益）,⚡ AI 电力链,"✅ AI 关联度高（强（直接受益））
✅ PEG = 1.12（合理估值）
🚀 一年 +188.2%（强势上涨）
⚡ 1 周 +5.1%（短期热度高）
🟢 数据可信度高（≥2 来源验证）","📂 行业：美股·数据中心冷却

💡 研究结论：
数据中心冷却赛道里被低估的「VRT 二号」标的。市值远小于 VRT，但增速更高。",1) HVAC 主业受周期影响；2) 数据中心客户集中度高；3) 与 Vertiv/Schneider 竞争；4) 已涨过较多
MDB,MongoDB,美股·NASDAQ,⭐⭐⭐ 强烈推荐,86,299.47 USD,1.67,42.49,67.73,强（直接受益）,🤖 AI 应用层,"✅ AI 关联度高（强（直接受益））
✅ PEG = 1.67（合理估值）
🚀 一年 +67.7%（强势上涨）
⚡ 1 周 +13.1%（短期热度高）
📊 利润增速 +2%（业绩在兑现）
🟢 数据可信度高（≥2 来源验证）","📂 行业：美股·数据库/AI 向量

💡 研究结论：
AI 向量数据库最纯种标的。但 AI 营收尚未规模化，是「故事+证据」组合。",1) AI 向量未规模化；2) 与 Pinecone/Weaviate 竞争；3) 估值仍较高；4) 高管动荡
DDOG,Datadog,美股·NASDAQ,⭐⭐⭐ 强烈推荐,86,200.16 USD,1.1,70.79,85.54,强（直接受益）,🤖 AI 应用层,"✅ AI 关联度高（强（直接受益））
✅ PEG = 1.10（合理估值）
⚠️ 远期 PE = 70.8（高估值）
🚀 一年 +85.5%（强势上涨）
⚡ 1 周 +36.5%（短期热度高）
📊 利润增速 +113%（业绩强劲）
🟢 数据可信度高（≥2 来源验证）","📂 行业：美股·AI 监控/Agentic 安全

💡 研究结论：
AI 监控+安全主线最纯种之一。营收加速 +32% 是关键信号（很多 SaaS 在放缓）。",1) 估值已极高（PS 18x+）；2) 与 Splunk/CrowdStrike 竞争；3) 客户云费用控制；4) AI 编码工具影响人工监控需求
KAP.IL,Kazatomprom（哈萨克）,其他,⭐⭐⭐ 强烈推荐,78,79.3 USD,0.74,0.03,136.53,中（间接受益）,💎 下一波稀缺资源,"⚪ AI 关联度中等（中（间接受益））
💎 PEG = 0.74（< 1，相对便宜）
💰 远期 PE = 0.0（不贵）
🚀 一年 +136.5%（强势上涨）
🔻 1 周 -8.8%（短期承压）
🟢 数据可信度高（≥2 来源验证）","📂 行业：英股·全球铀矿龙头

💡 研究结论：
全球铀矿规模第一，估值折价（地缘+流动性）。AI 核电需求 + 哈萨克斯坦地缘改善 = 估值修复机会。",1) 哈萨克斯坦地缘风险；2) ADR 折价；3) 与俄罗斯关系敏感；4) 流动性比 NYSE 低
LEU,Centrus Energy,美股·NYSE,⭐⭐⭐ 强烈推荐,78,207.33 USD,2.87,52.16,121.51,强（直接受益）,💎 下一波稀缺资源,"✅ AI 关联度高（强（直接受益））
🚀 一年 +121.5%（强势上涨）
🟢 数据可信度高（≥2 来源验证）","📂 行业：美股·铀浓缩+HALEU 燃料

💡 研究结论：
HALEU 是 SMR 量产的瓶颈，Centrus 是美国唯一国产化。地缘+技术双壁垒。",1) DOE $9 亿合同未敲定；2) HALEU 量产爬坡；3) 与俄罗斯 Tenex 历史依赖；4) 已涨过较多
CFLT,Confluent,美股·NASDAQ,⭐⭐ 推荐,73,30.99 USD,2.16,47.63,50.07,强（直接受益）,🤖 AI 应用层,"✅ AI 关联度高（强（直接受益））
🚀 一年 +50.1%（强势上涨）","📂 行业：美股·流数据/AI 实时（IBM 收购中）

💡 研究结论：
已非典型成长股，是收购套利股。如果 IBM 收购顺利完成，价格基本锁定 $31。如果失败可能跌回 $15-20。",1) IBM 收购监管审批；2) 整合不确定性；3) 收购完成后退市；4) 不再适合成长投资逻辑
LRCX,LRCX,美股,🟢 v6 推荐买入,109.7,$294.05,,,,F-Score 8,v6 学术因子,"📊 v6 综合 z = +1.10（学术因子等权）
🎯 Markowitz 优化仓位：8.0%（40,171 RMB）
📚 因子明细：
  · Piotroski F = 8/9
  · 12-1 月动量 = 247.26%
  · 1 月反转 = -13.64%
  · PEAD 加速度 = 8.91 (QoQ)
💡 建议：分批 3-5 个交易日买入约 19 股（@$294.05）",Markowitz Max Sharpe = 2.95（年化 95.36%）,⚠️ 熊市可能跑输 SPY 5-15%（walk-forward 实测）；分批建仓减少冲击
MTZ,MTZ,美股,🟢 v6 推荐买入,89.9,$414.29,,,,F-Score 8,v6 学术因子,"📊 v6 综合 z = +0.90（学术因子等权）
🎯 Markowitz 优化仓位：14.7%（73,311 RMB）
📚 因子明细：
  · Piotroski F = 8/9
  · 12-1 月动量 = 145.97%
  · 1 月反转 = -15.93%
  · PEAD 加速度 = -2.13 (QoQ)
💡 建议：分批 3-5 个交易日买入约 24 股（@$414.29）",Markowitz Max Sharpe = 2.95（年化 95.36%）,⚠️ 熊市可能跑输 SPY 5-15%（walk-forward 实测）；分批建仓减少冲击
MOD,MOD,美股,🟢 v6 推荐买入,77.2,$273.00,,,,F-Score 9,v6 学术因子,"📊 v6 综合 z = +0.77（学术因子等权）
🎯 Markowitz 优化仓位：7.8%（39,042 RMB）
📚 因子明细：
  · Piotroski F = 9/9
  · 12-1 月动量 = 164.53%
  · 1 月反转 = -13.03%
  · PEAD 加速度 = 0.73 (QoQ)
💡 建议：分批 3-5 个交易日买入约 20 股（@$273.00）",Markowitz Max Sharpe = 2.95（年化 95.36%）,⚠️ 熊市可能跑输 SPY 5-15%（walk-forward 实测）；分批建仓减少冲击
GEV,GEV,美股,🟢 v6 推荐买入,65.4,$1040.15,,,,F-Score 7,v6 学术因子,"📊 v6 综合 z = +0.65（学术因子等权）
🎯 Markowitz 优化仓位：9.4%（46,973 RMB）
📚 因子明细：
  · Piotroski F = 7/9
  · 12-1 月动量 = 138.48%
  · 1 月反转 = -7.45%
  · PEAD 加速度 = -24.67 (QoQ)
💡 建议：分批 3-5 个交易日买入约 6 股（@$1040.15）",Markowitz Max Sharpe = 2.95（年化 95.36%）,⚠️ 熊市可能跑输 SPY 5-15%（walk-forward 实测）；分批建仓减少冲击
ETN,ETN,美股,🟢 v6 推荐买入,50,$401.51,,,,F-Score 7,v6 学术因子,"📊 v6 综合 z = +0.50（学术因子等权）
🎯 Markowitz 优化仓位：2.4%（11,886 RMB）
📚 因子明细：
  · Piotroski F = 7/9
  · 12-1 月动量 = 33.68%
  · 1 月反转 = -0.54%
  · PEAD 加速度 = 4.65 (QoQ)
💡 建议：分批 3-5 个交易日买入约 4 股（@$401.51）",Markowitz Max Sharpe = 2.95（年化 95.36%）,⚠️ 熊市可能跑输 SPY 5-15%（walk-forward 实测）；分批建仓减少冲击
KO,KO,美股,🟢 v6 推荐买入,49,$78.42,,,,F-Score 7,v6 学术因子,"📊 v6 综合 z = +0.49（学术因子等权）
🎯 Markowitz 优化仓位：13.1%（65,252 RMB）
📚 因子明细：
  · Piotroski F = 7/9
  · 12-1 月动量 = 11.11%
  · 1 月反转 = -0.31%
  · PEAD 加速度 = 10.58 (QoQ)
💡 建议：分批 3-5 个交易日买入约 117 股（@$78.42）",Markowitz Max Sharpe = 2.95（年化 95.36%）,⚠️ 熊市可能跑输 SPY 5-15%（walk-forward 实测）；分批建仓减少冲击
MRVL,MRVL,美股,🟢 v6 推荐买入,47.1,$170.13,,,,F-Score 8,v6 学术因子,"📊 v6 综合 z = +0.47（学术因子等权）
🎯 Markowitz 优化仓位：13.4%（66,785 RMB）
📚 因子明细：
  · Piotroski F = 8/9
  · 12-1 月动量 = 113.45%
  · 1 月反转 = -41.93%
  · PEAD 加速度 = 3.54 (QoQ)
💡 建议：分批 3-5 个交易日买入约 55 股（@$170.13）",Markowitz Max Sharpe = 2.95（年化 95.36%）,⚠️ 熊市可能跑输 SPY 5-15%（walk-forward 实测）；分批建仓减少冲击
AVGO,AVGO,美股,🟢 v6 推荐买入,46.9,$430.00,,,,F-Score 8,v6 学术因子,"📊 v6 综合 z = +0.47（学术因子等权）
🎯 Markowitz 优化仓位：2.0%（9,937 RMB）
📚 因子明细：
  · Piotroski F = 8/9
  · 12-1 月动量 = 74.69%
  · 1 月反转 = -21.16%
  · PEAD 加速度 = -5.74 (QoQ)
💡 建议：分批 3-5 个交易日买入约 3 股（@$430.00）",Markowitz Max Sharpe = 2.95（年化 95.36%）,⚠️ 熊市可能跑输 SPY 5-15%（walk-forward 实测）；分批建仓减少冲击
SYM,SYM,美股,🟢 v6 推荐买入,39.5,$52.29,,,,F-Score 4,v6 学术因子,"📊 v6 综合 z = +0.40（学术因子等权）
🎯 Markowitz 优化仓位：2.7%（13,512 RMB）
📚 因子明细：
  · Piotroski F = 4/9
  · 12-1 月动量 = 138.6%
  · 1 月反转 = 2.43%
  · PEAD 加速度 = -2.58 (QoQ)
💡 建议：分批 3-5 个交易日买入约 36 股（@$52.29）",Markowitz Max Sharpe = 2.95（年化 95.36%）,⚠️ 熊市可能跑输 SPY 5-15%（walk-forward 实测）；分批建仓减少冲击
BWXT,BWXT,美股,🟢 v6 推荐买入,33,$205.33,,,,F-Score 5,v6 学术因子,"📊 v6 综合 z = +0.33（学术因子等权）
🎯 Markowitz 优化仓位：3.6%（17,902 RMB）
📚 因子明细：
  · Piotroski F = 5/9
  · 12-1 月动量 = 115.11%
  · 1 月反转 = 10.84%
  · PEAD 加速度 = -5.15 (QoQ)
💡 建议：分批 3-5 个交易日买入约 12 股（@$205.33）",Markowitz Max Sharpe = 2.95（年化 95.36%）,⚠️ 熊市可能跑输 SPY 5-15%（walk-forward 实测）；分批建仓减少冲击
NVDA,NVDA,美股,🔴 v6 建议卖出,-1,,,,,v6 未推荐,卖出建议,"📊 v6 因子模型未把它排进 Top 19
💼 当前仓位：12.0%（60,000 RMB）
💡 建议全部卖出，资金转向 v6 推荐标的
📚 因子明细：
  · Piotroski F = 4/9
  · 12-1 月动量 = 57.14%
  · 1 月反转 = -17.01%",,若坚定看好，可保留观察；模型不能完全替代基本面研究
GOOGL,GOOGL,美股,🔴 v6 建议卖出,-1,,,,,v6 未推荐,卖出建议,"📊 v6 因子模型未把它排进 Top 19
💼 当前仓位：10.0%（50,000 RMB）
💡 建议全部卖出，资金转向 v6 推荐标的
📚 因子明细：
  · Piotroski F = 6/9
  · 12-1 月动量 = 111.12%
  · 1 月反转 = -25.84%",,若坚定看好，可保留观察；模型不能完全替代基本面研究
MSFT,MSFT,美股,🔴 v6 建议卖出,-1,,,,,v6 未推荐,卖出建议,"📊 v6 因子模型未把它排进 Top 19
💼 当前仓位：10.0%（50,000 RMB）
💡 建议全部卖出，资金转向 v6 推荐标的
📚 因子明细：
  · Piotroski F = 6/9
  · 12-1 月动量 = -13.25%
  · 1 月反转 = -11.27%",,若坚定看好，可保留观察；模型不能完全替代基本面研究
AMD,AMD,美股,🔴 v6 建议卖出,-1,,,,,v6 未推荐,卖出建议,"📊 v6 因子模型未把它排进 Top 19
💼 当前仓位：8.0%（40,000 RMB）
💡 建议全部卖出，资金转向 v6 推荐标的
📚 因子明细：
  · Piotroski F = 8/9
  · 12-1 月动量 = 135.79%
  · 1 月反转 = -92.36%",,若坚定看好，可保留观察；模型不能完全替代基本面研究
600111.SS,北方稀土,A股,🔴 v6 建议卖出,-1,,,,,v6 未推荐,卖出建议,"📊 v6 因子模型未把它排进 Top 19
💼 当前仓位：8.0%（40,000 RMB）
💡 建议全部卖出，资金转向 v6 推荐标的
⚠️ A 股 / 港股 yfinance 数据缺失，无法因子打分（盲区）",,若坚定看好，可保留观察；模型不能完全替代基本面研究
CCJ,Cameco,美股,🔴 v6 建议卖出,-1,,,,,v6 未推荐,卖出建议,"📊 v6 因子模型未把它排进 Top 19
💼 当前仓位：7.0%（35,000 RMB）
💡 建议全部卖出，资金转向 v6 推荐标的
📚 因子明细：
  · Piotroski F = 9/9
  · 12-1 月动量 = 132.74%
  · 1 月反转 = -1.05%",,若坚定看好，可保留观察；模型不能完全替代基本面研究
DDOG,Datadog,美股,🔴 v6 建议卖出,-1,,,,,v6 未推荐,卖出建议,"📊 v6 因子模型未把它排进 Top 19
💼 当前仓位：5.0%（25,000 RMB）
💡 建议全部卖出，资金转向 v6 推荐标的
📚 因子明细：
  · Piotroski F = 6/9
  · 12-1 月动量 = 2.79%
  · 1 月反转 = -83.67%",,若坚定看好，可保留观察；模型不能完全替代基本面研究
300308.SZ,中际旭创,A股,🔴 v6 建议卖出,-1,,,,,v6 未推荐,卖出建议,"📊 v6 因子模型未把它排进 Top 19
💼 当前仓位：5.0%（25,000 RMB）
💡 建议全部卖出，资金转向 v6 推荐标的
⚠️ A 股 / 港股 yfinance 数据缺失，无法因子打分（盲区）",,若坚定看好，可保留观察；模型不能完全替代基本面研究
9988.HK,阿里巴巴,港股,🔴 v6 建议卖出,-1,,,,,v6 未推荐,卖出建议,"📊 v6 因子模型未把它排进 Top 19
💼 当前仓位：5.0%（25,000 RMB）
💡 建议全部卖出，资金转向 v6 推荐标的
⚠️ A 股 / 港股 yfinance 数据缺失，无法因子打分（盲区）",,若坚定看好，可保留观察；模型不能完全替代基本面研究
688041.SS,海光信息,A股,🔴 v6 建议卖出,-1,,,,,v6 未推荐,卖出建议,"📊 v6 因子模型未把它排进 Top 19
💼 当前仓位：5.0%（25,000 RMB）
💡 建议全部卖出，资金转向 v6 推荐标的
⚠️ A 股 / 港股 yfinance 数据缺失，无法因子打分（盲区）",,若坚定看好，可保留观察；模型不能完全替代基本面研究
VRT,Vertiv,美股,🟡 v6 建议加仓,0,,,,,v6 调整,仓位优化,"📊 v6 综合 z 进 Top 19，但建议加仓
💼 当前 10% → 目标 14.1%
💰 变动金额 +20,636 RMB（约 8 股）",,
TSM,TSM,美股,🟡 v6 建议减仓,0,,,,,v6 调整,仓位优化,"📊 v6 综合 z 进 Top 19，但建议减仓
💼 当前 10% → 目标 3.9%
💰 变动金额 -30,407 RMB（约 10 股）",,
LRCX,Lam Research,美股,⭐⭐⭐ 强烈推荐（z ≥ 1）,109.68,,,,,核心受益（AI 算力/半导体）,🏭 半导体设备,"📊 综合 z-score = +1.10（排名 1 / 55）
📚 因子组合（学术 4 因子）：
  · Piotroski F-Score = 8/9（盈利质量）
  · 12-1 月动量 = +247.3%（趋势确认）
  · 1 月反转 = -13.6%（短期 mean reversion）
  · 分析师上修 90d = 10/15 分
  · 内部人净买入 6m = 15/15 分（参考）
🏷 GICS 分类：核心受益（AI 算力/半导体） (industry:Semiconductor Equipment & Materials)",,
MTZ,MasTec,美股,⭐⭐ 推荐（z ≥ 0.5）,89.94,,,,,基础设施受益（电力/资源/REIT）,🏗 数据中心建设,"📊 综合 z-score = +0.90（排名 2 / 55）
📚 因子组合（学术 4 因子）：
  · Piotroski F-Score = 8/9（盈利质量）
  · 12-1 月动量 = +146.0%（趋势确认）
  · 1 月反转 = -15.9%（短期 mean reversion）
  · 分析师上修 90d = 15/15 分
  · 内部人净买入 6m = 15/15 分（参考）
🏷 GICS 分类：基础设施受益（电力/资源/REIT） (industry:Engineering & Construction)",,
MOD,Modine Manufacturing,美股·NYSE,⭐⭐ 推荐（z ≥ 0.5）,77.16,,,,,非 AI 主链,📦 Consumer Cyclical,"📊 综合 z-score = +0.77（排名 3 / 55）
📚 因子组合（学术 4 因子）：
  · Piotroski F-Score = 9/9（盈利质量）
  · 12-1 月动量 = +164.5%（趋势确认）
  · 1 月反转 = -13.0%（短期 mean reversion）
  · 分析师上修 90d = 5/15 分
  · 内部人净买入 6m = 0/15 分（参考）
🏷 GICS 分类：非 AI 主链 (default:0)",,
VRT,Vertiv,美股,⭐⭐ 推荐（z ≥ 0.5）,68.65,,,,,基础设施受益（电力/资源/REIT）,⚡ AI 电力链,"📊 综合 z-score = +0.69（排名 4 / 55）
📚 因子组合（学术 4 因子）：
  · Piotroski F-Score = 6/9（盈利质量）
  · 12-1 月动量 = +201.5%（趋势确认）
  · 1 月反转 = -18.2%（短期 mean reversion）
  · 分析师上修 90d = 15/15 分
  · 内部人净买入 6m = 0/15 分（参考）
🏷 GICS 分类：基础设施受益（电力/资源/REIT） (industry:Electrical Equipment & Parts)",,
GEV,GE Vernova,美股,⭐⭐ 推荐（z ≥ 0.5）,65.44,,,,,基础设施受益（电力/资源/REIT）,⚡ AI 电力链,"📊 综合 z-score = +0.65（排名 5 / 55）
📚 因子组合（学术 4 因子）：
  · Piotroski F-Score = 7/9（盈利质量）
  · 12-1 月动量 = +138.5%（趋势确认）
  · 1 月反转 = -7.5%（短期 mean reversion）
  · 分析师上修 90d = 15/15 分
  · 内部人净买入 6m = 15/15 分（参考）
🏷 GICS 分类：基础设施受益（电力/资源/REIT） (industry:Specialty Industrial Machinery)",,
TSM,TSMC（台积电）,美股,⭐⭐ 推荐（z ≥ 0.5）,57.93,,,,,核心受益（AI 算力/半导体）,🔥 AI 算力核心,"📊 综合 z-score = +0.58（排名 6 / 55）
📚 因子组合（学术 4 因子）：
  · Piotroski F-Score = 9/9（盈利质量）
  · 12-1 月动量 = +112.0%（趋势确认）
  · 1 月反转 = -12.6%（短期 mean reversion）
  · 分析师上修 90d = 5/15 分
  · 内部人净买入 6m = 0/15 分（参考）
🏷 GICS 分类：核心受益（AI 算力/半导体） (industry:Semiconductors)",,
ETN,Eaton,美股,⭐⭐ 推荐（z ≥ 0.5）,50.04,,,,,基础设施受益（电力/资源/REIT）,⚡ AI 电力链,"📊 综合 z-score = +0.50（排名 7 / 55）
📚 因子组合（学术 4 因子）：
  · Piotroski F-Score = 7/9（盈利质量）
  · 12-1 月动量 = +33.7%（趋势确认）
  · 1 月反转 = -0.5%（短期 mean reversion）
  · 分析师上修 90d = 10/15 分
  · 内部人净买入 6m = 15/15 分（参考）
🏷 GICS 分类：基础设施受益（电力/资源/REIT） (industry:Specialty Industrial Machinery)",,
KO,Coca-Cola（可口可乐）,美股,⭐ 关注,49.02,,,,,非 AI 主链,📦 Consumer Defensive,"📊 综合 z-score = +0.49（排名 8 / 55）
📚 因子组合（学术 4 因子）：
  · Piotroski F-Score = 7/9（盈利质量）
  · 12-1 月动量 = +11.1%（趋势确认）
  · 1 月反转 = -0.3%（短期 mean reversion）
  · 分析师上修 90d = 10/15 分
  · 内部人净买入 6m = 15/15 分（参考）
🏷 GICS 分类：非 AI 主链 (default:0)",,
MRVL,Marvell Technology,美股,⭐ 关注,47.11,,,,,核心受益（AI 算力/半导体）,🔥 AI 算力核心,"📊 综合 z-score = +0.47（排名 9 / 55）
📚 因子组合（学术 4 因子）：
  · Piotroski F-Score = 8/9（盈利质量）
  · 12-1 月动量 = +113.5%（趋势确认）
  · 1 月反转 = -41.9%（短期 mean reversion）
  · 分析师上修 90d = 10/15 分
  · 内部人净买入 6m = 15/15 分（参考）
🏷 GICS 分类：核心受益（AI 算力/半导体） (industry:Semiconductors)",,
AVGO,Broadcom,美股,⭐ 关注,46.89,,,,,核心受益（AI 算力/半导体）,🔥 AI 算力核心,"📊 综合 z-score = +0.47（排名 10 / 55）
📚 因子组合（学术 4 因子）：
  · Piotroski F-Score = 8/9（盈利质量）
  · 12-1 月动量 = +74.7%（趋势确认）
  · 1 月反转 = -21.2%（短期 mean reversion）
  · 分析师上修 90d = 10/15 分
  · 内部人净买入 6m = 0/15 分（参考）
🏷 GICS 分类：核心受益（AI 算力/半导体） (industry:Semiconductors)",,
SYM,Symbotic,美股,⭐ 关注,39.54,,,,,直接受益（软件/云/连接）,🦾 物理 AI,"📊 综合 z-score = +0.40（排名 11 / 55）
📚 因子组合（学术 4 因子）：
  · Piotroski F-Score = 4/9（盈利质量）
  · 12-1 月动量 = +138.6%（趋势确认）
  · 1 月反转 = +2.4%（短期 mean reversion）
  · 分析师上修 90d = 10/15 分
  · 内部人净买入 6m = 0/15 分（参考）
🏷 GICS 分类：直接受益（软件/云/连接） (override: https://www.symbotic.com/)",,
BWXT,BWX Technologies,美股,⭐ 关注,32.96,,,,,基础设施受益（电力/资源/REIT）,💎 下一波稀缺资源（核电）,"📊 综合 z-score = +0.33（排名 12 / 55）
📚 因子组合（学术 4 因子）：
  · Piotroski F-Score = 5/9（盈利质量）
  · 12-1 月动量 = +115.1%（趋势确认）
  · 1 月反转 = +10.8%（短期 mean reversion）
  · 分析师上修 90d = 5/15 分
  · 内部人净买入 6m = 15/15 分（参考）
🏷 GICS 分类：基础设施受益（电力/资源/REIT） (override: https://www.bwxt.com/)",,
